Sample ID,SNP's C>T rs774580370 ; G>A rs201786635 ; loss of CpG#243,SNP T>A rs749014801,SNP G>A rs769779173,SNP's C>T rs376967004 ; G>A rs780617143 ; loss of CpG#244,SNP A>G rs777421504,SNP C>T rs201921716 ; loss of CpG#245,C>T rs373549893 ; loss of CpG#246 (cg13617280)
D1a,86.15,T/T,G/G,70.9,A/A,56.62,73.71
D1b,90.36,T/T,G/G,74.21,A/A,65.76,84.92
D1e,17.86,T/T,G/G,17.49,A/A,11.22,16.24
D2a,93.1,T/T,G/G,76.31,A/A,67.23,84.71
D2b,79.19,T/T,G/G,66.16,A/A,55.54,65.85
D2d,87.15,T/T,G/G,75.9,A/A,61.1,76.35
D2e,25.1,T/T,G/G,22.07,A/A,16.06,22.96
D3a,93.65,T/T,G/G,77.87,A/A,60.79,88.26
D3b,79.73,T/T,G/G,69.14,A/A,52.2,71.01
D3e,12.77,T/T,G/G,11.86,A/A,7.83,11.66
D4a,93.02,T/T,G/G,77.83,A/A,65.21,86
D4b,28.16,T/T,G/G,29.46,A/A,19.71,28.72
D4d,85.62,T/T,G/G,68.32,A/G,53.94,86.76
D4e,4.69,T/T,G/G,5.79,A/A,3.18,3.34
D5a,93.29,T/T,G/G,77.45,A/A,66.92,87.81
D5b,89.29,T/T,G/G,78.54,A/A,66.92,81.53
D5d,83.14,T/T,G/G,81.75,A/A,69.7,83.8
D5e,24.45,T/T,G/G,23.85,A/A,13.96,22.24
D6a,89.35,T/T,G/G,79.46,A/A,62.39,76.75
D6b,92.94,T/T,G/G,84.07,A/A,71.06,89.62
D6d,83.99,T/T,G/G,72.39,A/A,64.74,84.29
D6e,6.62,T/T,G/G,8.07,A/A,4.51,6.45
D7a,94.79,T/T,G/G,77.09,A/A,67.59,89.08
D7b,86.86,T/T,G/G,77.85,A/A,62.27,86.83
D7d,89.34,T/T,G/G,74.48,A/A,66.8,85.35
D7e,7.61,T/T,G/G,7.78,A/A,5.26,6.91
D8b,84.03,T/T,G/G,73.57,A/A,62.14,84.54
D8e,5.63,T/T,G/G,7.11,A/A,4.31,4.88
D9a,94.33,T/T,G/G,80.64,A/A,66.52,87.29
D9b,87.33,T/T,G/G,72.9,A/A,66.6,81.67
D9d,91.85,T/T,G/G,74.3,A/A,58.28,80.82
D9e,25.8,T/T,G/G,19.83,A/A,12.33,19.82
D10a,89.22,T/T,G/G,80.08,A/A,69.64,85.13
D10b,85.93,T/T,G/G,72.19,A/A,54.72,80.64
D10e,8.88,T/T,G/G,8.5,A/A,5.23,6.83
D11a,94.74,T/T,G/G,76.84,A/A,68.12,91.23
D11b,88.3,T/T,G/G,74.99,A/A,65.39,76.98
D11d,81.62,T/T,G/G,69.02,A/A,62.28,84.7
D11e,16,T/T,G/G,17.55,A/A,10.33,16.76
D12a,92.18,T/T,G/G,71.59,A/A,65.16,85.55
D12b,88.7,T/T,G/G,73.58,A/A,64.18,84.15
D12d,91.38,T/T,G/G,76.58,A/A,69.58,85.5
D12e,21.4,T/T,G/G,21.39,A/A,16.27,19.21
D8a,94.31,T/T,G/G,76.71,A/A,65.83,89.34
D10c,88,T/T,G/G,77.01,A/A,59.74,82.08
D7c,100,T/T,G/G,82.96,A/A,64.83,82.15
